commune,arret,arret_norm,point_interet,correspondance
DOLUS-D'OLÉRON,Plage de La Perroche,dolus d'oleron|plage de la perroche,1,
DOLUS-D'OLÉRON,Plage de La Rémigeasse,dolus d'oleron|plage de la remigeasse,1,
DOLUS-D'OLÉRON,Passe du Treuil,dolus d'oleron|passe du treuil,0,
DOLUS-D'OLÉRON,Camping Le Montet,dolus d'oleron|camping le montet,0,
DOLUS-D'OLÉRON,Place de l'église,dolus d'oleron|place de l'eglise,1,
DOLUS-D'OLÉRON,Parc aquatique Iléo,dolus d'oleron|parc aquatique ileo,0,
DOLUS-D'OLÉRON,Camping La Cailletière,dolus d'oleron|camping la cailletiere,0,
DOLUS-D'OLÉRON,Camping Ostréa,dolus d'oleron|camping ostrea,0,
DOLUS-D'OLÉRON,Les Allards - La Forge,dolus d'oleron|les allards la forge,0,
DOLUS-D'OLÉRON,Vert Bois,dolus d'oleron|vert bois,0,
LA BRÉE-LES-BAINS,Plage de Prouard,la bree les bains|plage de prouard,1,
LA BRÉE-LES-BAINS,Camping Le Planginot,la bree les bains|camping le planginot,0,
LA BRÉE-LES-BAINS,Office de tourisme,la bree les bains|office de tourisme,1,
LA BRÉE-LES-BAINS,Le Moulin de La Brée,la bree les bains|le moulin de la bree,0,
LE CHÂTEAU-D'OLÉRON,Camping La Brande,le chateau d'oleron|camping la brande,0,
LE CHÂTEAU-D'OLÉRON,Aire de camping cars,le chateau d'oleron|aire de camping cars,0,
LE CHÂTEAU-D'OLÉRON,Camping Les Remparts,le chateau d'oleron|camping les remparts,0,
LE CHÂTEAU-D'OLÉRON,Camping Au Pigeonnier,le chateau d'oleron|camping au pigeonnier,0,
LE CHÂTEAU-D'OLÉRON,Camping Les Embruns d'Oléron,le chateau d'oleron|camping les embruns d'oleron,0,
LE CHÂTEAU-D'OLÉRON,Porte de Dolus - cité Bastion,le chateau d'oleron|porte de dolus cite bastion,1,Bleue Verte Violette
LE CHÂTEAU-D'OLÉRON,Camping le Fief Melin,le chateau d'oleron|camping le fief melin,0,
LE GRAND-VILLAGE-PLAGE,Camping le Maine,le grand village plage|camping le maine,0,
LE GRAND-VILLAGE-PLAGE,Mairie,le grand village plage|mairie,1,
LE GRAND-VILLAGE-PLAGE,Port des Salines,le grand village plage|port des salines,1,
SAINT-DENIS-D'OLÉRON,Plage des Seulières,saint denis d'oleron|plage des seulieres,1,
SAINT-DENIS-D'OLÉRON,Camping Les Seulières,saint denis d'oleron|camping les seulieres,0,
SAINT-DENIS-D'OLÉRON,Plage des Huttes,saint denis d'oleron|plage des huttes,1,
SAINT-DENIS-D'OLÉRON,Les Hameaux des Marines,saint denis d'oleron|les hameaux des marines,0,
SAINT-DENIS-D'OLÉRON,Camping Les Huttes,saint denis d'oleron|camping les huttes,0,
SAINT-DENIS-D'OLÉRON,Phare de Chassiron,saint denis d'oleron|phare de chassiron,1,
SAINT-DENIS-D'OLÉRON,Village vacances - Camping Les Beaupins,saint denis d'oleron|village vacances camping les beaupins,0,
SAINT-DENIS-D'OLÉRON,Parking Fel,saint denis d'oleron|parking fel,1,
SAINT-DENIS-D'OLÉRON,Camping municipal,saint denis d'oleron|camping municipal,0,
SAINT-DENIS-D'OLÉRON,Le Port,saint denis d'oleron|le port,1,
SAINT-DENIS-D'OLÉRON,Aire de camping-cars,saint denis d'oleron|aire de camping cars,0,
SAINT-DENIS-D'OLÉRON,Camping Cap soleil,saint denis d'oleron|camping cap soleil,0,
SAINT-GEORGES-D'OLÉRON,Chéray - Les 4 Moulins,saint georges d'oleron|cheray les 4 moulins,0,Verte Rouge Bleue
SAINT-GEORGES-D'OLÉRON,Chéray - salle des fêtes,saint georges d'oleron|cheray salle des fetes,1,
SAINT-GEORGES-D'OLÉRON,Domino - Marché,saint georges d'oleron|domino marche,1,
SAINT-GEORGES-D'OLÉRON,Plage de Chaucre,saint georges d'oleron|plage de chaucre,1,
SAINT-GEORGES-D'OLÉRON,Chaucre Village,saint georges d'oleron|chaucre village,1,
SAINT-GEORGES-D'OLÉRON,Camping La Campière,saint georges d'oleron|camping la campiere,0,
SAINT-GEORGES-D'OLÉRON,Port du Douhet,saint georges d'oleron|port du douhet,1,
SAINT-GEORGES-D'OLÉRON,Plage de Foulerot,saint georges d'oleron|plage de foulerot,1,
SAINT-GEORGES-D'OLÉRON,Plage de Plaisance,saint georges d'oleron|plage de plaisance,1,
SAINT-GEORGES-D'OLÉRON,Camping Oléron Loisirs,saint georges d'oleron|camping oleron loisirs,0,
SAINT-GEORGES-D'OLÉRON,Camping Verébleu,saint georges d'oleron|camping verebleu,0,
SAINT-GEORGES-D'OLÉRON,Centre,saint georges d'oleron|centre,1,
SAINT-GEORGES-D'OLÉRON,Mairie,saint georges d'oleron|mairie,1,
SAINT-GEORGES-D'OLÉRON,Motel Saint Georges,saint georges d'oleron|motel saint georges,0,
SAINT-GEORGES-D'OLÉRON,Camping Chadotel le Domaine d'Oléron,saint georges d'oleron|camping chadotel le domaine d'oleron,0,
SAINT-GEORGES-D'OLÉRON,Sauzelle,saint georges d'oleron|sauzelle,0,
SAINT-GEORGES-D'OLÉRON,Camping Signol,saint georges d'oleron|camping signol,0,
SAINT-GEORGES-D'OLÉRON,Boyardville Parking du chenal,saint georges d'oleron|boyardville parking du chenal,1,
SAINT-GEORGES-D'OLÉRON,Boyardville - Plage,saint georges d'oleron|boyardville plage,1,
SAINT-GEORGES-D'OLÉRON,Camping Siblu Mer et Soleil,saint georges d'oleron|camping siblu mer et soleil,0,
SAINT-GEORGES-D'OLÉRON,Camping Les Grosses Pierres,saint georges d'oleron|camping les grosses pierres,0,
SAINT-GEORGES-D'OLÉRON,Les Sables Vignier Plage,saint georges d'oleron|les sables vignier plage,1,
SAINT-GEORGES-D'OLÉRON,Les Gros Joncs,saint georges d'oleron|les gros joncs,0,
SAINT-GEORGES-D'OLÉRON,Camping Le Suroit,saint georges d'oleron|camping le suroit,0,
SAINT-PIERRE-D'OLÉRON,La Cotinière - Le Port,saint pierre d'oleron|la cotiniere le port,1,Orange Bleue
SAINT-PIERRE-D'OLÉRON,Hotel Océane,saint pierre d'oleron|hotel oceane,0,
SAINT-PIERRE-D'OLÉRON,Plage de Matha,saint pierre d'oleron|plage de matha,1,
SAINT-PIERRE-D'OLÉRON,Matha centre,saint pierre d'oleron|matha centre,1,
SAINT-PIERRE-D'OLÉRON,Maisonneuve,saint pierre d'oleron|maisonneuve,0,
SAINT-PIERRE-D'OLÉRON,Gare routière,saint pierre d'oleron|gare routiere,1,
SAINT-PIERRE-D'OLÉRON,Marché,saint pierre d'oleron|marche,1,
SAINT-PIERRE-D'OLÉRON,Fort Royer - Camping le Dauphin,saint pierre d'oleron|fort royer camping le dauphin,0,Orange Verte
SAINT-PIERRE-D'OLÉRON,Atlantic hôtel,saint pierre d'oleron|atlantic hotel,0,
SAINT-PIERRE-D'OLÉRON,Camping Le Sous Bois,saint pierre d'oleron|camping le sous bois,0,
SAINT-PIERRE-D'OLÉRON,La Cotinière - Châteliers,saint pierre d'oleron|la cotiniere chateliers,0,
SAINT-PIERRE-D'OLÉRON,Hôtel l'Océane,saint pierre d'oleron|hotel l'oceane,0,
SAINT-PIERRE-D'OLÉRON,Camping les Flots Atlantique,saint pierre d'oleron|camping les flots atlantique,0,
SAINT-PIERRE-D'OLÉRON,CAES du CNRS La Vieille Perrotine,saint pierre d'oleron|caes du cnrs la vieille perrotine,0,
SAINT-TROJAN-LES-BAINS,Le Port,saint trojan les bains|le port,1,
SAINT-TROJAN-LES-BAINS,Marché,saint trojan les bains|marche,1,
SAINT-TROJAN-LES-BAINS,Hôtel Les Cleunes Oléron,saint trojan les bains|hotel les cleunes oleron,0,
SAINT-TROJAN-LES-BAINS,Camping Flower Monplaisir,saint trojan les bains|camping flower monplaisir,0,
SAINT-TROJAN-LES-BAINS,Camping les Bris,saint trojan les bains|camping les bris,0,
SAINT-TROJAN-LES-BAINS,Lannelongue - Plage de Gatseau,saint trojan les bains|lannelongue plage de gatseau,1,
